Original filename,Website filename,Alt text
Traffic-City-Thumb-1 kopie.jpg,traffic-town-assembly-instructions-960.webp,Printed Traffic Town assembly instructions with illustrated building steps
Traffic-City-Thumb-2 kopie.jpg,traffic-town-printable-template-sheets-960.webp,"Road safety project PDF sheets with buildings, signs, vehicles and road sections"
Traffic-City-Thumb-3 kopie.jpg,traffic-town-four-road-base-sheets-960.webp,Four printable road base sheets with zebra crossings and green spaces
Traffic-City-Thumb-4 kopie.jpg,traffic-town-road-junction-layout-960.webp,Four road sections arranged into a crossroads on a cardboard base
Traffic-City-Thumb-5 kopie.jpg,traffic-town-cardboard-base-materials-960.webp,"Cardboard, scissors, glue and printed road templates ready for assembly"
Traffic-City-Thumb-6 kopie.jpg,traffic-town-cutting-road-sections-960.webp,Cutting out the road and zebra crossing sections for the town base
Traffic-City-Thumb-7 kopie.jpg,traffic-town-school-bookshop-template-960.webp,School and bookshop template sheet beside the assembled road base
Traffic-City-Thumb-8 kopie.jpg,traffic-town-cut-out-buildings-960.webp,"Cut-out school, bookshop, flower beds and low walls before folding"
Traffic-City-Thumb-9 kopie.jpg,traffic-town-paper-bookshop-960.webp,Assembled paper bookshop with a low wall and flower beds
Traffic-City-Thumb-10 kopie.jpg,traffic-town-paper-school-960.webp,Paper school building on a green plot beside the pavement
Traffic-City-Thumb-11 kopie.jpg,traffic-town-park-activity-sheet-960.webp,Printable park pieces and four road safety activity cards
Traffic-City-Thumb-12 kopie.jpg,traffic-town-cut-out-park-pieces-960.webp,"Cut-out park gate, bench, fences, flowers and litter bin"
Traffic-City-Thumb-13 kopie.jpg,traffic-town-assembled-paper-park-960.webp,"Assembled paper park with entrance gate, bench and fences"
Traffic-City-Thumb-14 kopie.jpg,traffic-town-traffic-signs-template-960.webp,"Printable traffic lights, stop signs, crossing signs, bus stops and cones"
Traffic-City-Thumb-15 kopie.jpg,traffic-town-trees-green-space-960.webp,Paper trees on a green corner of the road safety model
Traffic-City-Thumb-16 kopie.jpg,traffic-town-indian-pedestrians-960.webp,Indian schoolchildren and adults as standing paper figures by a zebra crossing
Traffic-City-Thumb-17 kopie.jpg,traffic-town-traffic-lights-road-signs-960.webp,"Standing traffic light models, stop signs and pedestrian crossing signs"
Traffic-City-Thumb-18 kopie.jpg,traffic-town-bookshop-zebra-crossing-960.webp,Paper pedestrians outside the bookshop beside a zebra crossing
Traffic-City-Thumb-19 kopie.jpg,traffic-town-school-pedestrians-crossing-960.webp,Schoolchildren and an adult beside the school and traffic light
Traffic-City-Thumb-20 kopie.jpg,traffic-town-school-bus-auto-rickshaw-car-960.webp,"Paper school bus, auto-rickshaw, blue car and cyclist"
Traffic-City-Thumb-21 kopie.jpg,traffic-town-town-school-bus-960.webp,Traffic Town road safety project with a school bus at the crossroads
Traffic-City-Thumb-22 kopie.jpg,traffic-town-car-near-school-crossing-960.webp,Blue paper car beside the school zebra crossing and pedestrians
Traffic-City-Thumb-23 kopie.jpg,traffic-town-bookshop-traffic-signal-960.webp,"Bookshop scene with paper traffic signal, stop sign and crossing sign"
Traffic-City-Thumb-24 kopie.jpg,traffic-town-park-road-junction-960.webp,Paper park beside a road junction with traffic lights and pedestrians
Traffic-City-Thumb-25 kopie.jpg,traffic-town-bus-stop-green-space-960.webp,Bus stop signs and paper trees beside the town crossroads
Traffic-City-Thumb-26 kopie.jpg,traffic-town-complete-road-safety-model-960.webp,"Complete Traffic Town road safety model with school, bookshop, park and zebra crossings"
Traffic-City-Thumb-27 kopie.jpg,traffic-town-road-safety-activity-cards-960.webp,"Four activity cards: Walk to School, Bus Stop, Spot the Problem and Design Your Town"
